Textbox137,Textbox143,Textbox155,Textbox156,Textbox146,Textbox147,Textbox148,Textbox149,Textbox150,Textbox151,Textbox152,Textbox153,Textbox154,Textbox157,Textbox158,Textbox159,Textbox160,Textbox161,Textbox162,Textbox163,Textbox164,Textbox165,Textbox166,Textbox167
Free Trade Agreement Partners: Total Quarterly Volumes and Utilization per TRQ,1. Carbon Steel Ingots: Quarterly Utilization per Country – Maximum share for any single country is 77%,2. Steel Billets and Blooms: Quarterly Utilization per Country – Maximum share for any single country is 40%,3. Hot-Rolled Sheet: Quarterly Utilization per Country – Maximum share for any single country is 67%,4. Floor Plate: Quarterly Utilization per Country – Maximum share for any single country is 66%,5. Steel Plate: Quarterly Utilization per Country – Maximum share for any single country is 30%,6. Cold-Rolled Sheet: Quarterly Utilization per Country – Maximum share for any single country is 32%,7. Tin: Quarterly Utilization per Country – Maximum share for any single country is 56%,8. Coated Steel Sheet: Quarterly Utilization per Country – Maximum share for any single country is 25%,9. Pre-Painted: Quarterly Utilization per Country – Maximum share for any single country is 90%,10. Rebar: Quarterly Utilization per Country – Maximum share for any single country is 45%,11. Hot-Rolled Bar: Quarterly Utilization per Country – Maximum share for any single country is 58%,12. Wire Rod: Quarterly Utilization per Country – Maximum share for any single country is 59%,13. Cold Finished Bars: Quarterly Utilization per Country – Maximum share for any single country is 39%,14. Structural Steel: Quarterly Utilization per Country – Maximum share for any single country is 69%,15. Steel Wire: Quarterly Utilization per Country – Maximum share for any single country is 24%,16. Stainless Steel Ingots: Quarterly Utilization per Country – Maximum share for any single country is 83%,17. Stainless Steel Billets and Blooms: Quarterly Utilization per Country – Maximum share for any single country is 57%,18. Line Pipe: Quarterly Utilization per Country – Maximum share for any single country is 45%,19. Oil Country Tubular Goods: Quarterly Utilization per Country – Maximum share for any single country is 86%,20. Standard Pipe: Quarterly Utilization per Country – Maximum share for any single country is 58%,21. Large Diameter Line Pipe: Quarterly Utilization per Country – Maximum share for any single country is 76%,22. Piling Pipe: Quarterly Utilization per Country – Maximum share for any single country is 77%,23. Hollow Structural Sections: Quarterly Utilization per Country – Maximum share for any single country is 41%

Textboxb6db942229da46bd872d39356f1404bb,Textbox0874cee6ce8b4c488f07adddedeb99e0,Textbox38,Textbox6defe02f6a5b4da79422566035a32381,Textbox8183768284fd4c8a9fecbd60b0f055be,Textboxecf89731bdd942ec8daa85d7b51cbfd4,Textbox18,CONTROL_ITEMS_Level_1_Commodity_Code,CONTROL_ITEMS_Level_1_Ceiling_Level,ID23_Products_Quota_Country_Ceiling___,ID_PERMIT_ITEM_FACT_Permit_Quantity,ID_CONTROL_ITEMS_FACT_Utilized,CONTROL_ITEMS_Quota_Remaining
Product Category,Maximum quota (KGM),Maximum country share (%),Current utilization (KGM),Current utilization (%),Remaining quota (KGM),1,Carbon Steel Ingots,"92,400",77%,0,0.00%,"92,400"
Product Category,Maximum quota (KGM),Maximum country share (%),Current utilization (KGM),Current utilization (%),Remaining quota (KGM),2,Steel Billets and Blooms,"17,649,400",40%,"168,753",0.96%,"17,480,647"
Product Category,Maximum quota (KGM),Maximum country share (%),Current utilization (KGM),Current utilization (%),Remaining quota (KGM),3,Hot-Rolled Sheet,"9,523,100",67%,"9,346,781",98.15%,"176,319"
Product Category,Maximum quota (KGM),Maximum country share (%),Current utilization (KGM),Current utilization (%),Remaining quota (KGM),4,Floor Plate,"33,400",66%,0,0.00%,"33,400"
Product Category,Maximum quota (KGM),Maximum country share (%),Current utilization (KGM),Current utilization (%),Remaining quota (KGM),5,Steel Plate,"54,354,900",30%,"43,205,554",79.49%,"11,149,346"
Product Category,Maximum quota (KGM),Maximum country share (%),Current utilization (KGM),Current utilization (%),Remaining quota (KGM),6,Cold-Rolled Sheet,"1,832,600",32%,"1,222,148",66.69%,"610,452"
Product Category,Maximum quota (KGM),Maximum country share (%),Current utilization (KGM),Current utilization (%),Remaining quota (KGM),7,Tin,"2,156,400",56%,"783,484",36.33%,"1,372,916"
Product Category,Maximum quota (KGM),Maximum country share (%),Current utilization (KGM),Current utilization (%),Remaining quota (KGM),8,Coated Steel Sheet,"31,128,200",25%,"16,293,841",52.34%,"14,834,359"
Product Category,Maximum quota (KGM),Maximum country share (%),Current utilization (KGM),Current utilization (%),Remaining quota (KGM),9,Pre-Painted,"23,763,800",90%,"23,705,090",99.75%,"58,710"
Product Category,Maximum quota (KGM),Maximum country share (%),Current utilization (KGM),Current utilization (%),Remaining quota (KGM),10,Rebar,"28,710,400",45%,"28,708,525",99.99%,"1,875"
Product Category,Maximum quota (KGM),Maximum country share (%),Current utilization (KGM),Current utilization (%),Remaining quota (KGM),11,Hot-Rolled Bar,"8,750,300",58%,"4,051,703",46.30%,"4,698,597"
Product Category,Maximum quota (KGM),Maximum country share (%),Current utilization (KGM),Current utilization (%),Remaining quota (KGM),12,Wire Rod,"16,514,800",59%,"13,863,240",83.94%,"2,651,560"
Product Category,Maximum quota (KGM),Maximum country share (%),Current utilization (KGM),Current utilization (%),Remaining quota (KGM),13,Cold Finished Bars,"6,559,300",39%,"2,368,234",36.10%,"4,191,066"
Product Category,Maximum quota (KGM),Maximum country share (%),Current utilization (KGM),Current utilization (%),Remaining quota (KGM),14,Structural Steel,"3,467,600",69%,"3,467,566",100.00%,34
Product Category,Maximum quota (KGM),Maximum country share (%),Current utilization (KGM),Current utilization (%),Remaining quota (KGM),15,Steel Wire,"7,370,100",24%,"7,370,100",100.00%,0
Product Category,Maximum quota (KGM),Maximum country share (%),Current utilization (KGM),Current utilization (%),Remaining quota (KGM),16,Stainless Steel Ingots,"1,100",83%,0,0.00%,"1,100"
Product Category,Maximum quota (KGM),Maximum country share (%),Current utilization (KGM),Current utilization (%),Remaining quota (KGM),17,Stainless Steel Billets and Blooms,"5,800",57%,0,0.00%,"5,800"
Product Category,Maximum quota (KGM),Maximum country share (%),Current utilization (KGM),Current utilization (%),Remaining quota (KGM),18,Line Pipe,"6,248,600",45%,"6,165,372",98.67%,"83,228"
Product Category,Maximum quota (KGM),Maximum country share (%),Current utilization (KGM),Current utilization (%),Remaining quota (KGM),19,Oil Country Tubular Goods,"9,800,800",86%,"9,800,800",100.00%,0
Product Category,Maximum quota (KGM),Maximum country share (%),Current utilization (KGM),Current utilization (%),Remaining quota (KGM),20,Standard Pipe,"13,489,500",58%,"13,489,500",100.00%,0
Product Category,Maximum quota (KGM),Maximum country share (%),Current utilization (KGM),Current utilization (%),Remaining quota (KGM),21,Large Diameter Line Pipe,"10,693,500",76%,"10,693,500",100.00%,0
Product Category,Maximum quota (KGM),Maximum country share (%),Current utilization (KGM),Current utilization (%),Remaining quota (KGM),22,Piling Pipe,800,77%,0,0.00%,800
Product Category,Maximum quota (KGM),Maximum country share (%),Current utilization (KGM),Current utilization (%),Remaining quota (KGM),23,Hollow Structural Sections,"2,776,900",41%,"2,776,900",100.00%,0

Textboxb6db942229da46bd872d39356f1404bb2,Textbox6defe02f6a5b4da79422566035a32382,Textbox8183768284fd4c8a9fecbd60b0f055be2,CONTROL_ITEMS_Level_1_Commodity_Code,ID_PERMIT_ITEM_FACT_Permit_Quantity,ID_v__Utilized_Country_21,Textbox7,Textbox24

Textboxb6db942229da46bd872d39356f1404bb3,Textbox6defe02f6a5b4da79422566035a32383,Textbox8183768284fd4c8a9fecbd60b0f055be3,CONTROL_ITEMS_Level_1_Commodity_Code,ID_PERMIT_ITEM_FACT_Permit_Quantity,ID_v__Utilized_Country_11,Textbox125,Textbox87
Country,Current utilization (KGM),Share of total utilization (%),Denmark,"18,308",0.10%,"168,753",0.96%
Country,Current utilization (KGM),Share of total utilization (%),Romania,"4,764",0.03%,"168,753",0.96%
Country,Current utilization (KGM),Share of total utilization (%),United Kingdom,"145,681",0.83%,"168,753",0.96%

Textboxb6db942229da46bd872d39356f1404bb4,Textbox6defe02f6a5b4da79422566035a32384,Textbox8183768284fd4c8a9fecbd60b0f055be4,CONTROL_ITEMS_Level_1_Commodity_Code,ID_PERMIT_ITEM_FACT_Permit_Quantity,ID_CONTROL_ITEMS_FACT_Utilized,Textbox8,Textbox89
Country,Current utilization (KGM),Share of total utilization (%),Austria,551,0.01%,"9,346,781",98.15%
Country,Current utilization (KGM),Share of total utilization (%),Belgium,"28,744",0.30%,"9,346,781",98.15%
Country,Current utilization (KGM),Share of total utilization (%),Czech Republic,488,0.01%,"9,346,781",98.15%
Country,Current utilization (KGM),Share of total utilization (%),Finland,"1,108,734",11.64%,"9,346,781",98.15%
Country,Current utilization (KGM),Share of total utilization (%),France,"11,180",0.12%,"9,346,781",98.15%
Country,Current utilization (KGM),Share of total utilization (%),Germany,"1,095,089",11.50%,"9,346,781",98.15%
Country,Current utilization (KGM),Share of total utilization (%),Italy,"2,502",0.03%,"9,346,781",98.15%
Country,Current utilization (KGM),Share of total utilization (%),"Korea, Republic of","3,998,248",41.98%,"9,346,781",98.15%
Country,Current utilization (KGM),Share of total utilization (%),Netherlands,"635,232",6.67%,"9,346,781",98.15%
Country,Current utilization (KGM),Share of total utilization (%),Poland,"7,373",0.08%,"9,346,781",98.15%
Country,Current utilization (KGM),Share of total utilization (%),Spain,"135,870",1.43%,"9,346,781",98.15%
Country,Current utilization (KGM),Share of total utilization (%),Sweden,"29,248",0.31%,"9,346,781",98.15%
Country,Current utilization (KGM),Share of total utilization (%),United Kingdom,"3,362",0.04%,"9,346,781",98.15%
Country,Current utilization (KGM),Share of total utilization (%),Vietnam,"2,290,160",24.05%,"9,346,781",98.15%

Textboxb6db942229da46bd872d39356f1404bb5,Textbox6defe02f6a5b4da79422566035a32385,Textbox8183768284fd4c8a9fecbd60b0f055be5,CONTROL_ITEMS_Level_1_Commodity_Code,ID_PERMIT_ITEM_FACT_Permit_Quantity,ID_v__Utilized_Country_1,Textbox103,Textbox106

Textboxb6db942229da46bd872d39356f1404bb6,Textbox6defe02f6a5b4da79422566035a32386,Textbox8183768284fd4c8a9fecbd60b0f055be6,CONTROL_ITEMS_Level_1_Commodity_Code,ID_PERMIT_ITEM_FACT_Permit_Quantity,ID_v__Utilized_Country_4,Textbox130,Textbox131
Country,Current utilization (KGM),Share of total utilization (%),Australia,"1,230,346",2.26%,"43,205,554",79.49%
Country,Current utilization (KGM),Share of total utilization (%),Austria,"818,876",1.51%,"43,205,554",79.49%
Country,Current utilization (KGM),Share of total utilization (%),Belgium,"1,606,766",2.96%,"43,205,554",79.49%
Country,Current utilization (KGM),Share of total utilization (%),Finland,"1,340,971",2.47%,"43,205,554",79.49%
Country,Current utilization (KGM),Share of total utilization (%),France,"770,259",1.42%,"43,205,554",79.49%
Country,Current utilization (KGM),Share of total utilization (%),Germany,"4,134,133",7.61%,"43,205,554",79.49%
Country,Current utilization (KGM),Share of total utilization (%),Japan,"5,657,473",10.41%,"43,205,554",79.49%
Country,Current utilization (KGM),Share of total utilization (%),"Korea, Republic of","16,306,470",30.00%,"43,205,554",79.49%
Country,Current utilization (KGM),Share of total utilization (%),Malaysia,"9,064,482",16.68%,"43,205,554",79.49%
Country,Current utilization (KGM),Share of total utilization (%),Netherlands,"203,436",0.37%,"43,205,554",79.49%
Country,Current utilization (KGM),Share of total utilization (%),Slovenia,"16,350",0.03%,"43,205,554",79.49%
Country,Current utilization (KGM),Share of total utilization (%),Spain,"22,680",0.04%,"43,205,554",79.49%
Country,Current utilization (KGM),Share of total utilization (%),Sweden,"2,033,312",3.74%,"43,205,554",79.49%

Textboxb6db942229da46bd872d39356f1404bb7,Textbox6defe02f6a5b4da79422566035a32387,Textbox8183768284fd4c8a9fecbd60b0f055be7,CONTROL_ITEMS_Level_1_Commodity_Code,ID_PERMIT_ITEM_FACT_Permit_Quantity,ID_v__Utilized_Country_2,Textbox9,Textbox91
Country,Current utilization (KGM),Share of total utilization (%),Australia,"365,060",19.92%,"1,222,148",66.69%
Country,Current utilization (KGM),Share of total utilization (%),Germany,"416,281",22.72%,"1,222,148",66.69%
Country,Current utilization (KGM),Share of total utilization (%),Slovakia,"2,105",0.11%,"1,222,148",66.69%
Country,Current utilization (KGM),Share of total utilization (%),Sweden,"438,702",23.94%,"1,222,148",66.69%

Textboxb6db942229da46bd872d39356f1404bb8,Textbox6defe02f6a5b4da79422566035a32388,Textbox8183768284fd4c8a9fecbd60b0f055be8,CONTROL_ITEMS_Level_1_Commodity_Code,ID_PERMIT_ITEM_FACT_Permit_Quantity,ID_CONTROL_ITEMS_FACT_Utilized,Textbox10,Textbox31
Country,Current utilization (KGM),Share of total utilization (%),Germany,"8,781",0.41%,"783,484",36.33%
Country,Current utilization (KGM),Share of total utilization (%),Japan,"71,944",3.34%,"783,484",36.33%
Country,Current utilization (KGM),Share of total utilization (%),"Korea, Republic of","607,123",28.15%,"783,484",36.33%
Country,Current utilization (KGM),Share of total utilization (%),Netherlands,"50,042",2.32%,"783,484",36.33%
Country,Current utilization (KGM),Share of total utilization (%),Spain,"45,594",2.11%,"783,484",36.33%

Textboxb6db942229da46bd872d39356f1404bb9,Textbox6defe02f6a5b4da79422566035a32389,Textbox8183768284fd4c8a9fecbd60b0f055be9,CONTROL_ITEMS_Level_1_Commodity_Code,ID_PERMIT_ITEM_FACT_Permit_Quantity,ID_CONTROL_ITEMS_FACT_Utilized,Textbox11,Textbox61
Country,Current utilization (KGM),Share of total utilization (%),Australia,"10,650",0.03%,"16,293,841",52.34%
Country,Current utilization (KGM),Share of total utilization (%),Austria,"35,251",0.11%,"16,293,841",52.34%
Country,Current utilization (KGM),Share of total utilization (%),Belgium,"3,535,011",11.36%,"16,293,841",52.34%
Country,Current utilization (KGM),Share of total utilization (%),Finland,"442,437",1.42%,"16,293,841",52.34%
Country,Current utilization (KGM),Share of total utilization (%),France,"43,833",0.14%,"16,293,841",52.34%
Country,Current utilization (KGM),Share of total utilization (%),Germany,"4,684,469",15.05%,"16,293,841",52.34%
Country,Current utilization (KGM),Share of total utilization (%),Japan,"424,900",1.37%,"16,293,841",52.34%
Country,Current utilization (KGM),Share of total utilization (%),"Korea, Republic of","2,151,900",6.91%,"16,293,841",52.34%
Country,Current utilization (KGM),Share of total utilization (%),Netherlands,"1,477,958",4.75%,"16,293,841",52.34%
Country,Current utilization (KGM),Share of total utilization (%),New Zealand,"489,250",1.57%,"16,293,841",52.34%
Country,Current utilization (KGM),Share of total utilization (%),Poland,100,0.00%,"16,293,841",52.34%
Country,Current utilization (KGM),Share of total utilization (%),Slovenia,"8,824",0.03%,"16,293,841",52.34%
Country,Current utilization (KGM),Share of total utilization (%),Spain,"22,689",0.07%,"16,293,841",52.34%
Country,Current utilization (KGM),Share of total utilization (%),Sweden,"1,566,324",5.03%,"16,293,841",52.34%
Country,Current utilization (KGM),Share of total utilization (%),United Kingdom,"596,690",1.92%,"16,293,841",52.34%
Country,Current utilization (KGM),Share of total utilization (%),Vietnam,"803,555",2.58%,"16,293,841",52.34%

Textboxb6db942229da46bd872d39356f1404bb10,Textbox6defe02f6a5b4da79422566035a32390,Textbox8183768284fd4c8a9fecbd60b0f055be10,CONTROL_ITEMS_Level_1_Commodity_Code,ID_PERMIT_ITEM_FACT_Permit_Quantity,ID_v__Utilized_Country_10,Textbox13,Textbox65
Country,Current utilization (KGM),Share of total utilization (%),Australia,"19,847",0.08%,"23,705,090",99.75%
Country,Current utilization (KGM),Share of total utilization (%),Chile,"76,912",0.32%,"23,705,090",99.75%
Country,Current utilization (KGM),Share of total utilization (%),Colombia,"106,200",0.45%,"23,705,090",99.75%
Country,Current utilization (KGM),Share of total utilization (%),France,"111,460",0.47%,"23,705,090",99.75%
Country,Current utilization (KGM),Share of total utilization (%),Germany,"432,610",1.82%,"23,705,090",99.75%
Country,Current utilization (KGM),Share of total utilization (%),Italy,"279,584",1.18%,"23,705,090",99.75%
Country,Current utilization (KGM),Share of total utilization (%),Japan,"377,471",1.59%,"23,705,090",99.75%
Country,Current utilization (KGM),Share of total utilization (%),"Korea, Republic of","21,387,420",90.00%,"23,705,090",99.75%
Country,Current utilization (KGM),Share of total utilization (%),Netherlands,"25,115",0.11%,"23,705,090",99.75%
Country,Current utilization (KGM),Share of total utilization (%),Vietnam,"888,471",3.74%,"23,705,090",99.75%

Textboxb6db942229da46bd872d39356f1404bb11,Textbox6defe02f6a5b4da79422566035a32391,Textbox8183768284fd4c8a9fecbd60b0f055be11,CONTROL_ITEMS_Level_1_Commodity_Code,ID_PERMIT_ITEM_FACT_Permit_Quantity,ID_v__Utilized_Country_3,Textbox15,Textbox94
Country,Current utilization (KGM),Share of total utilization (%),Germany,"4,715,478",16.42%,"28,708,525",99.99%
Country,Current utilization (KGM),Share of total utilization (%),Greece,"9,284,803",32.34%,"28,708,525",99.99%
Country,Current utilization (KGM),Share of total utilization (%),Netherlands,"80,876",0.28%,"28,708,525",99.99%
Country,Current utilization (KGM),Share of total utilization (%),Peru,"4,688,998",16.33%,"28,708,525",99.99%
Country,Current utilization (KGM),Share of total utilization (%),Portugal,"9,938,370",34.62%,"28,708,525",99.99%

Textboxb6db942229da46bd872d39356f1404bb12,Textbox6defe02f6a5b4da79422566035a32392,Textbox8183768284fd4c8a9fecbd60b0f055be12,CONTROL_ITEMS_Level_1_Commodity_Code,ID_PERMIT_ITEM_FACT_Permit_Quantity,ID_v__Utilized_Country_9,Textbox46,Textbox92
Country,Current utilization (KGM),Share of total utilization (%),Austria,9,0.00%,"4,051,703",46.30%
Country,Current utilization (KGM),Share of total utilization (%),Czech Republic,"20,042",0.23%,"4,051,703",46.30%
Country,Current utilization (KGM),Share of total utilization (%),Denmark,"19,316",0.22%,"4,051,703",46.30%
Country,Current utilization (KGM),Share of total utilization (%),France,"15,075",0.17%,"4,051,703",46.30%
Country,Current utilization (KGM),Share of total utilization (%),Germany,"723,650",8.27%,"4,051,703",46.30%
Country,Current utilization (KGM),Share of total utilization (%),Italy,"78,559",0.90%,"4,051,703",46.30%
Country,Current utilization (KGM),Share of total utilization (%),Japan,"572,922",6.55%,"4,051,703",46.30%
Country,Current utilization (KGM),Share of total utilization (%),"Korea, Republic of","1,218,821",13.93%,"4,051,703",46.30%
Country,Current utilization (KGM),Share of total utilization (%),Netherlands,88,0.00%,"4,051,703",46.30%
Country,Current utilization (KGM),Share of total utilization (%),Romania,"15,991",0.18%,"4,051,703",46.30%
Country,Current utilization (KGM),Share of total utilization (%),Slovenia,"9,531",0.11%,"4,051,703",46.30%
Country,Current utilization (KGM),Share of total utilization (%),Spain,"1,362,968",15.58%,"4,051,703",46.30%
Country,Current utilization (KGM),Share of total utilization (%),Sweden,"14,354",0.16%,"4,051,703",46.30%
Country,Current utilization (KGM),Share of total utilization (%),Vietnam,377,0.00%,"4,051,703",46.30%

Textboxb6db942229da46bd872d39356f1404bb13,Textbox6defe02f6a5b4da79422566035a32393,Textbox8183768284fd4c8a9fecbd60b0f055be13,CONTROL_ITEMS_Level_1_Commodity_Code,ID_PERMIT_ITEM_FACT_Permit_Quantity,ID_v__Utilized_Country_5,Textbox64,Textbox98
Country,Current utilization (KGM),Share of total utilization (%),Germany,"4,340,473",26.28%,"13,863,240",83.94%
Country,Current utilization (KGM),Share of total utilization (%),Italy,11,0.00%,"13,863,240",83.94%
Country,Current utilization (KGM),Share of total utilization (%),"Korea, Republic of","936,308",5.67%,"13,863,240",83.94%
Country,Current utilization (KGM),Share of total utilization (%),Malaysia,"8,103,910",49.07%,"13,863,240",83.94%
Country,Current utilization (KGM),Share of total utilization (%),Netherlands,"482,538",2.92%,"13,863,240",83.94%

Textboxb6db942229da46bd872d39356f1404bb14,Textbox6defe02f6a5b4da79422566035a32394,Textbox8183768284fd4c8a9fecbd60b0f055be14,CONTROL_ITEMS_Level_1_Commodity_Code,ID_PERMIT_ITEM_FACT_Permit_Quantity,ID_CONTROL_ITEMS_FACT_Utilized,Textbox66,Textbox101
Country,Current utilization (KGM),Share of total utilization (%),Austria,24,0.00%,"2,368,234",36.10%
Country,Current utilization (KGM),Share of total utilization (%),France,"5,042",0.08%,"2,368,234",36.10%
Country,Current utilization (KGM),Share of total utilization (%),Germany,"665,384",10.14%,"2,368,234",36.10%
Country,Current utilization (KGM),Share of total utilization (%),Italy,"123,872",1.89%,"2,368,234",36.10%
Country,Current utilization (KGM),Share of total utilization (%),Japan,422,0.01%,"2,368,234",36.10%
Country,Current utilization (KGM),Share of total utilization (%),Poland,996,0.02%,"2,368,234",36.10%
Country,Current utilization (KGM),Share of total utilization (%),Portugal,"2,994",0.05%,"2,368,234",36.10%
Country,Current utilization (KGM),Share of total utilization (%),Slovenia,"48,578",0.74%,"2,368,234",36.10%
Country,Current utilization (KGM),Share of total utilization (%),Spain,"1,095,554",16.70%,"2,368,234",36.10%
Country,Current utilization (KGM),Share of total utilization (%),Sweden,"235,401",3.59%,"2,368,234",36.10%
Country,Current utilization (KGM),Share of total utilization (%),Switzerland,"1,215",0.02%,"2,368,234",36.10%
Country,Current utilization (KGM),Share of total utilization (%),United Kingdom,"188,739",2.88%,"2,368,234",36.10%
Country,Current utilization (KGM),Share of total utilization (%),Vietnam,13,0.00%,"2,368,234",36.10%

Textboxb6db942229da46bd872d39356f1404bb15,Textbox6defe02f6a5b4da79422566035a32395,Textbox8183768284fd4c8a9fecbd60b0f055be15,CONTROL_ITEMS_Level_1_Commodity_Code,ID_PERMIT_ITEM_FACT_Permit_Quantity,ID_v__Utilized_Country_13,Textbox67,Textbox107
Country,Current utilization (KGM),Share of total utilization (%),Germany,"24,856",0.72%,"3,467,566",100.00%
Country,Current utilization (KGM),Share of total utilization (%),Italy,"25,936",0.75%,"3,467,566",100.00%
Country,Current utilization (KGM),Share of total utilization (%),Japan,"21,580",0.62%,"3,467,566",100.00%
Country,Current utilization (KGM),Share of total utilization (%),"Korea, Republic of","2,026,399",58.44%,"3,467,566",100.00%
Country,Current utilization (KGM),Share of total utilization (%),Poland,198,0.01%,"3,467,566",100.00%
Country,Current utilization (KGM),Share of total utilization (%),Spain,"66,165",1.91%,"3,467,566",100.00%
Country,Current utilization (KGM),Share of total utilization (%),Sweden,293,0.01%,"3,467,566",100.00%
Country,Current utilization (KGM),Share of total utilization (%),United Kingdom,"52,479",1.51%,"3,467,566",100.00%
Country,Current utilization (KGM),Share of total utilization (%),Vietnam,"1,249,660",36.04%,"3,467,566",100.00%

Textboxb6db942229da46bd872d39356f1404bb32,Textbox6defe02f6a5b4da79422566035a32412,Textbox8183768284fd4c8a9fecbd60b0f055be32,CONTROL_ITEMS_Level_1_Commodity_Code,ID_PERMIT_ITEM_FACT_Permit_Quantity,ID_CONTROL_ITEMS_FACT_Utilized,Textbox69,Textbox110
Country,Current utilization (KGM),Share of total utilization (%),Austria,"44,897",0.61%,"7,370,100",100.00%
Country,Current utilization (KGM),Share of total utilization (%),Bulgaria,"410,348",5.57%,"7,370,100",100.00%
Country,Current utilization (KGM),Share of total utilization (%),Czech Republic,"1,000",0.01%,"7,370,100",100.00%
Country,Current utilization (KGM),Share of total utilization (%),France,"323,171",4.38%,"7,370,100",100.00%
Country,Current utilization (KGM),Share of total utilization (%),Germany,"258,686",3.51%,"7,370,100",100.00%
Country,Current utilization (KGM),Share of total utilization (%),Greece,"967,710",13.13%,"7,370,100",100.00%
Country,Current utilization (KGM),Share of total utilization (%),Italy,"186,688",2.53%,"7,370,100",100.00%
Country,Current utilization (KGM),Share of total utilization (%),Japan,"166,055",2.25%,"7,370,100",100.00%
Country,Current utilization (KGM),Share of total utilization (%),"Korea, Republic of","1,768,633",24.00%,"7,370,100",100.00%
Country,Current utilization (KGM),Share of total utilization (%),Lithuania,"140,578",1.91%,"7,370,100",100.00%
Country,Current utilization (KGM),Share of total utilization (%),Luxembourg,"124,552",1.69%,"7,370,100",100.00%
Country,Current utilization (KGM),Share of total utilization (%),Malaysia,"921,313",12.50%,"7,370,100",100.00%
Country,Current utilization (KGM),Share of total utilization (%),Netherlands,"151,071",2.05%,"7,370,100",100.00%
Country,Current utilization (KGM),Share of total utilization (%),Portugal,"211,671",2.87%,"7,370,100",100.00%
Country,Current utilization (KGM),Share of total utilization (%),Sweden,"53,603",0.73%,"7,370,100",100.00%
Country,Current utilization (KGM),Share of total utilization (%),United Kingdom,"7,672",0.10%,"7,370,100",100.00%
Country,Current utilization (KGM),Share of total utilization (%),Vietnam,"1,632,452",22.15%,"7,370,100",100.00%

Textboxb6db942229da46bd872d39356f1404bb31,Textbox6defe02f6a5b4da79422566035a32411,Textbox8183768284fd4c8a9fecbd60b0f055be31,CONTROL_ITEMS_Level_1_Commodity_Code,ID_PERMIT_ITEM_FACT_Permit_Quantity,ID_v__Utilized_Country_14,Textbox71,Textbox111

Textboxb6db942229da46bd872d39356f1404bb30,Textbox6defe02f6a5b4da79422566035a32410,Textbox8183768284fd4c8a9fecbd60b0f055be30,CONTROL_ITEMS_Level_1_Commodity_Code,ID_PERMIT_ITEM_FACT_Permit_Quantity,ID_v__Utilized_Country_6,Textbox73,Textbox113

Textboxb6db942229da46bd872d39356f1404bb29,Textbox6defe02f6a5b4da79422566035a32409,Textbox8183768284fd4c8a9fecbd60b0f055be29,CONTROL_ITEMS_Level_1_Commodity_Code,ID_PERMIT_ITEM_FACT_Permit_Quantity,ID_CONTROL_ITEMS_FACT_Utilized,Textbox75,Textbox114
Country,Current utilization (KGM),Share of total utilization (%),Germany,"139,615",2.23%,"6,165,372",98.67%
Country,Current utilization (KGM),Share of total utilization (%),Italy,"170,661",2.73%,"6,165,372",98.67%
Country,Current utilization (KGM),Share of total utilization (%),Japan,"2,811,870",45.00%,"6,165,372",98.67%
Country,Current utilization (KGM),Share of total utilization (%),"Korea, Republic of","2,811,870",45.00%,"6,165,372",98.67%
Country,Current utilization (KGM),Share of total utilization (%),Malaysia,"137,229",2.20%,"6,165,372",98.67%
Country,Current utilization (KGM),Share of total utilization (%),Netherlands,"1,044",0.02%,"6,165,372",98.67%
Country,Current utilization (KGM),Share of total utilization (%),Poland,"58,986",0.94%,"6,165,372",98.67%
Country,Current utilization (KGM),Share of total utilization (%),Romania,"33,543",0.54%,"6,165,372",98.67%
Country,Current utilization (KGM),Share of total utilization (%),Spain,554,0.01%,"6,165,372",98.67%

Textboxb6db942229da46bd872d39356f1404bb28,Textbox6defe02f6a5b4da79422566035a32408,Textbox8183768284fd4c8a9fecbd60b0f055be28,CONTROL_ITEMS_Level_1_Commodity_Code,ID_PERMIT_ITEM_FACT_Permit_Quantity,ID_v__Utilized_Country_15,Textbox77,Textbox115
Country,Current utilization (KGM),Share of total utilization (%),Austria,"4,119,097",42.03%,"9,800,800",100.00%
Country,Current utilization (KGM),Share of total utilization (%),Italy,"3,911,883",39.91%,"9,800,800",100.00%
Country,Current utilization (KGM),Share of total utilization (%),Japan,"623,535",6.36%,"9,800,800",100.00%
Country,Current utilization (KGM),Share of total utilization (%),"Korea, Republic of","437,710",4.47%,"9,800,800",100.00%
Country,Current utilization (KGM),Share of total utilization (%),Romania,"708,575",7.23%,"9,800,800",100.00%

Textboxb6db942229da46bd872d39356f1404bb27,Textbox6defe02f6a5b4da79422566035a32407,Textbox8183768284fd4c8a9fecbd60b0f055be27,CONTROL_ITEMS_Level_1_Commodity_Code,ID_PERMIT_ITEM_FACT_Permit_Quantity,ID_v__Utilized_Country_7,Textbox79,Textbox118
Country,Current utilization (KGM),Share of total utilization (%),Brunei,"406,706",3.01%,"13,489,500",100.00%
Country,Current utilization (KGM),Share of total utilization (%),Finland,10,0.00%,"13,489,500",100.00%
Country,Current utilization (KGM),Share of total utilization (%),Germany,"90,952",0.67%,"13,489,500",100.00%
Country,Current utilization (KGM),Share of total utilization (%),Italy,"211,552",1.57%,"13,489,500",100.00%
Country,Current utilization (KGM),Share of total utilization (%),Japan,"171,996",1.28%,"13,489,500",100.00%
Country,Current utilization (KGM),Share of total utilization (%),"Korea, Republic of","6,928,570",51.36%,"13,489,500",100.00%
Country,Current utilization (KGM),Share of total utilization (%),Malaysia,"315,125",2.34%,"13,489,500",100.00%
Country,Current utilization (KGM),Share of total utilization (%),Netherlands,"25,748",0.19%,"13,489,500",100.00%
Country,Current utilization (KGM),Share of total utilization (%),Poland,"40,659",0.30%,"13,489,500",100.00%
Country,Current utilization (KGM),Share of total utilization (%),Spain,"54,785",0.41%,"13,489,500",100.00%
Country,Current utilization (KGM),Share of total utilization (%),Vietnam,"5,243,397",38.87%,"13,489,500",100.00%

Textboxb6db942229da46bd872d39356f1404bb26,Textbox6defe02f6a5b4da79422566035a32406,Textbox8183768284fd4c8a9fecbd60b0f055be26,CONTROL_ITEMS_Level_1_Commodity_Code,ID_PERMIT_ITEM_FACT_Permit_Quantity,ID_CONTROL_ITEMS_FACT_Utilized,Textbox81,Textbox119
Country,Current utilization (KGM),Share of total utilization (%),Germany,154,0.00%,"10,693,500",100.00%
Country,Current utilization (KGM),Share of total utilization (%),Japan,"2,580,128",24.13%,"10,693,500",100.00%
Country,Current utilization (KGM),Share of total utilization (%),"Korea, Republic of","8,113,218",75.87%,"10,693,500",100.00%

Textboxb6db942229da46bd872d39356f1404bb24,Textbox6defe02f6a5b4da79422566035a32404,Textbox8183768284fd4c8a9fecbd60b0f055be24,CONTROL_ITEMS_Level_1_Commodity_Code,ID_PERMIT_ITEM_FACT_Permit_Quantity,ID_CONTROL_ITEMS_FACT_Utilized,Textbox83,Textbox121

Textboxb6db942229da46bd872d39356f1404bb25,Textbox6defe02f6a5b4da79422566035a32405,Textbox8183768284fd4c8a9fecbd60b0f055be25,CONTROL_ITEMS_Level_1_Commodity_Code,ID_PERMIT_ITEM_FACT_Permit_Quantity,ID_v__Utilized_Country_8,Textbox85,Textbox122
Country,Current utilization (KGM),Share of total utilization (%),Finland,"21,050",0.76%,"2,776,900",100.00%
Country,Current utilization (KGM),Share of total utilization (%),Germany,"108,950",3.92%,"2,776,900",100.00%
Country,Current utilization (KGM),Share of total utilization (%),Italy,"11,064",0.40%,"2,776,900",100.00%
Country,Current utilization (KGM),Share of total utilization (%),Japan,"1,138,529",41.00%,"2,776,900",100.00%
Country,Current utilization (KGM),Share of total utilization (%),"Korea, Republic of","630,506",22.71%,"2,776,900",100.00%
Country,Current utilization (KGM),Share of total utilization (%),Portugal,"11,975",0.43%,"2,776,900",100.00%
Country,Current utilization (KGM),Share of total utilization (%),Switzerland,282,0.01%,"2,776,900",100.00%
Country,Current utilization (KGM),Share of total utilization (%),United Kingdom,"2,117",0.08%,"2,776,900",100.00%
Country,Current utilization (KGM),Share of total utilization (%),Vietnam,"852,427",30.70%,"2,776,900",100.00%

